state_name:,county:,4/7,4/8,4/9,4/10,4/11,4/12,4/13,4/14,4/15,4/16,4/17,4/18,4/19,4/20,4/21,4/22,4/23,4/24,4/25,4/26,4/27,4/28,4/29,4/30,5/1,5/2,5/3,5/4,5/5,5/6,5/7,5/8,5/9,5/10,5/11,5/12,5/13,5/14,5/15,5/16,5/17,5/18,5/19,5/20,5/21,5/22,5/23,5/24,5/25,5/26,5/27,5/28,5/29,5/30,5/31,6/1,6/2,6/3,6/4,6/5
GA,Appling,6,7,7,9,9,10,13,13,14,17,18,20,20,21,21,47,49,53,54,56,60,65,65,70,72,72,72,74,77,78,88,89,92,93,93,96,99,103,108,108,108,111,113,115,118,121,124,132,134,138,143,148,156,156,159,161,161,170,172,180
GA,Bacon,11,13,13,14,14,14,14,14,14,17,17,18,18,19,19,20,20,20,21,21,22,22,22,24,25,27,27,28,29,29,33,35,41,43,43,48,48,51,59,59,59,61,68,68,73,73,75,75,77,80,83,91,92,108,122,129,131,136,137,141
GA,Baker,9,9,11,11,13,14,16,16,17,16,16,16,17,18,18,18,19,19,19,19,21,21,22,23,23,23,23,26,26,28,29,31,31,31,32,32,32,32,32,32,32,32,32,32,32,32,33,33,33,34,34,34,34,34,34,34,34,34,35,35
GA,Baldwin,27,30,32,35,47,53,54,69,93,100,108,108,110,130,135,155,161,169,180,181,193,202,210,215,226,230,233,239,260,263,270,270,270,271,275,276,277,280,282,284,287,290,292,296,299,329,329,330,330,335,337,342,343,343,345,349,350,352,380,387
GA,Banks,4,4,5,7,7,7,7,8,9,13,13,13,14,15,16,16,16,17,17,17,17,18,20,24,26,31,29,29,29,32,35,35,36,36,36,38,39,41,43,43,43,43,46,46,68,73,73,73,73,80,86,86,86,86,86,86,86,86,87,88
GA,Barrow,42,46,48,51,51,55,57,65,68,81,85,87,90,93,101,103,106,108,108,108,114,124,131,133,141,159,159,167,178,189,191,192,193,193,195,232,254,255,258,257,257,263,267,272,276,281,283,283,292,307,316,321,325,326,326,328,328,333,333,341
GA,Bartow,191,195,203,208,211,213,223,230,237,240,245,246,248,255,256,259,264,273,283,286,290,298,309,314,324,324,325,341,351,359,359,361,361,363,364,368,377,382,384,384,384,396,410,419,424,427,443,443,443,452,458,469,477,478,478,481,485,496,504,514
GA,Ben Hill,6,6,7,8,8,8,9,10,10,10,13,13,15,15,19,20,21,21,23,23,24,25,25,25,26,28,29,29,29,36,38,39,39,39,40,43,43,44,45,45,45,47,48,48,53,55,56,58,61,65,69,71,72,74,74,76,77,81,84,87
GA,Berrien,4,4,6,6,6,6,6,8,8,10,10,10,10,10,10,10,12,14,15,15,15,18,17,17,17,17,17,17,17,19,19,19,19,19,19,19,19,20,20,20,20,22,23,25,30,34,34,34,37,38,39,42,46,46,46,48,48,48,51,54
GA,Bibb,46,51,56,58,62,70,73,91,108,179,191,193,199,203,207,224,234,244,247,248,256,289,302,306,312,321,324,346,350,367,365,365,365,367,370,376,378,384,391,394,395,397,404,408,416,423,432,433,435,436,441,444,451,453,453,467,472,481,494,502
GA,Bleckley,1,1,1,1,1,1,3,3,3,3,5,5,5,5,5,5,7,9,9,9,9,12,12,16,19,20,19,21,21,21,22,26,28,29,29,29,32,32,33,33,33,33,33,33,34,37,38,38,38,40,43,45,45,45,45,45,48,48,48,50
GA,Brooks,6,16,17,17,18,19,19,20,21,22,23,23,23,23,33,36,37,39,39,39,52,52,55,59,59,59,60,61,63,63,63,63,63,63,63,63,63,63,63,63,63,64,66,66,66,66,66,66,67,68,68,68,68,68,68,69,70,72,76,78
GA,Bryan,25,25,28,28,28,29,30,30,30,30,31,32,33,34,34,37,43,47,47,47,48,49,51,52,54,54,54,55,56,57,57,59,59,59,59,61,61,61,61,61,61,65,66,67,67,68,69,70,70,72,73,74,74,74,74,75,75,77,77,77
GA,Bulloch,10,12,15,15,16,17,18,20,22,23,26,27,27,30,32,33,33,34,34,34,34,34,36,37,40,42,42,43,42,41,41,42,42,44,44,45,45,45,45,45,45,45,45,46,48,49,52,52,52,53,54,60,60,60,60,65,67,77,77,81
GA,Burke,15,19,21,24,28,28,28,28,28,35,38,46,46,48,51,53,60,71,71,73,73,73,84,85,86,86,86,87,88,89,90,101,103,107,109,110,112,112,112,112,112,116,118,120,119,120,120,121,121,121,121,121,121,121,121,121,121,121,121,121
GA,Butts,18,23,25,27,28,29,30,35,36,38,40,41,43,80,81,125,125,125,125,126,126,130,134,145,150,150,150,152,158,163,167,171,172,180,189,191,192,196,196,196,196,199,199,205,205,206,208,209,211,214,219,223,228,228,228,228,234,237,240,242
GA,Calhoun,30,35,37,39,41,45,53,54,59,57,57,57,57,61,75,76,82,84,85,85,87,87,91,103,103,103,107,106,106,109,110,113,116,116,116,116,116,117,121,121,121,121,121,121,121,123,126,126,128,129,130,130,131,132,132,132,134,135,136,139
GA,Camden,17,19,19,19,20,21,22,22,24,26,27,27,27,27,27,27,28,28,28,28,30,31,32,33,33,35,33,33,34,34,35,35,36,37,37,37,43,44,46,47,47,50,51,52,53,53,53,55,55,55,56,61,61,61,62,63,64,66,68,69
GA,Candler,4,4,4,4,4,4,4,4,4,4,4,5,5,7,7,7,7,7,7,7,7,7,7,7,7,7,7,7,7,7,7,7,8,9,9,10,10,10,10,10,10,10,10,12,12,12,13,13,13,13,13,13,13,13,13,13,13,13,13,13
GA,Carroll,183,183,195,200,204,210,229,235,242,258,261,271,281,304,304,304,314,320,325,326,329,335,348,358,375,384,382,382,387,389,389,390,393,395,395,397,397,400,407,407,407,408,418,425,437,439,440,445,472,490,512,516,517,518,524,524,524,535,568,578
GA,Catoosa,7,8,10,12,12,13,13,15,17,18,19,19,19,23,28,45,45,46,46,46,46,46,46,46,48,46,46,51,52,52,52,52,53,53,55,61,66,70,71,71,71,71,73,77,79,97,97,101,105,111,115,119,129,133,133,140,142,145,146,147
GA,Charlton,2,2,2,2,2,3,4,4,5,5,5,5,6,6,7,7,7,7,7,7,8,8,8,8,11,12,12,12,13,13,14,17,17,17,17,17,19,20,26,26,26,26,28,28,28,28,29,29,29,30,33,32,32,32,32,32,32,32,32,32
GA,Chatham,120,124,131,140,146,148,154,157,160,170,174,178,178,184,185,193,199,205,205,206,208,217,221,226,230,233,237,246,267,281,285,291,299,304,311,327,337,344,353,355,355,363,379,388,406,428,435,445,448,472,476,476,491,501,501,516,518,522,525,542
GA,Chattahoochee,2,2,3,3,3,3,4,5,5,6,6,6,6,7,7,8,8,8,8,8,9,11,11,12,12,12,13,13,12,12,12,12,12,12,14,15,16,17,19,19,19,19,19,19,19,20,22,24,25,30,33,33,39,43,54,114,154,160,166,172
GA,Chattooga,4,4,4,4,6,7,7,8,8,9,9,9,9,9,10,11,11,13,13,13,14,14,16,16,16,15,15,15,15,15,16,16,16,16,16,16,16,15,15,15,15,15,17,19,20,24,24,24,24,24,24,24,24,24,24,24,25,25,25,25
GA,Cherokee,147,155,167,177,186,187,204,219,232,245,274,285,293,317,324,340,365,367,371,374,395,432,457,467,476,483,491,509,519,544,569,578,593,609,621,635,655,676,695,700,714,723,745,758,769,790,807,810,831,850,861,869,885,890,909,910,911,923,934,944
GA,Clarke,78,81,81,81,82,84,88,95,102,102,106,106,108,114,116,118,122,123,123,123,140,142,144,150,155,156,156,161,167,174,176,180,182,186,188,189,190,192,195,195,195,200,200,200,208,219,222,224,232,249,259,270,279,283,283,293,295,296,299,315
GA,Clay,12,13,15,15,15,16,16,16,17,19,19,19,19,19,19,19,20,20,20,20,20,20,21,22,23,25,25,25,25,26,26,26,26,26,26,26,26,28,28,29,29,29,29,30,32,34,35,35,35,35,37,37,39,39,39,39,39,41,42,44
GA,Clayton,278,289,298,328,339,372,396,435,462,473,499,505,519,540,547,549,616,629,641,641,650,669,693,716,770,785,793,804,813,849,878,888,901,925,944,951,955,983,999,1002,1007,1009,1010,1034,1047,1071,1089,1119,1132,1173,1189,1204,1216,1216,1221,1234,1238,1260,1282,1310
GA,Clinch,3,3,3,3,3,3,6,6,7,7,7,7,7,7,7,7,7,7,7,7,8,8,8,8,8,9,9,9,15,16,16,16,17,17,29,36,36,36,40,41,41,42,45,46,46,46,47,49,56,57,57,58,58,59,59,59,59,59,65,67
GA,Cobb,566,608,653,681,705,728,816,895,950,1014,1085,1104,1125,1196,1230,1272,1326,1368,1395,1428,1483,1528,1581,1619,1729,1757,1773,1839,1925,1999,2024,2072,2129,2175,2186,2253,2280,2363,2395,2406,2406,2429,2503,2584,2625,2652,2661,2702,2795,2854,2907,2948,2987,3009,3027,3052,3056,3097,3165,3223
GA,Coffee,41,46,50,53,53,58,60,64,65,72,74,76,79,83,83,84,91,100,103,107,109,121,127,138,141,144,146,149,155,159,166,172,175,175,177,183,187,191,192,192,193,200,209,210,218,225,227,248,250,254,261,261,265,268,271,277,277,285,289,292
GA,Colquitt,68,78,79,80,84,87,88,88,90,105,108,120,122,145,156,158,163,165,165,165,172,180,182,185,187,188,188,192,194,198,201,202,207,207,210,221,229,241,245,246,246,253,258,262,267,280,289,296,349,379,434,450,459,465,467,479,484,488,523,545
GA,Columbia,46,50,58,65,68,69,71,75,79,87,91,100,101,116,122,124,129,137,138,143,144,149,156,160,162,163,164,168,169,170,170,178,179,183,183,186,191,197,202,205,205,212,212,214,223,223,223,223,224,228,237,243,248,248,248,251,251,266,266,270
GA,Cook,4,4,6,6,6,7,7,7,9,11,12,12,12,13,13,15,15,15,16,17,17,20,22,23,25,27,28,28,28,31,31,31,31,31,31,31,31,31,31,31,31,31,31,35,40,44,44,45,45,45,45,45,45,45,45,45,45,45,47,51
GA,Coweta,79,82,87,100,101,106,121,135,138,142,153,160,161,169,168,168,177,187,187,188,190,191,195,195,211,214,230,242,244,247,257,257,265,276,278,280,280,280,282,284,284,285,286,286,303,311,316,331,376,383,397,403,414,415,417,421,422,432,440,458
GA,Crisp,46,52,60,63,67,69,79,83,93,104,113,114,118,125,125,130,141,149,151,153,157,159,163,165,167,167,168,169,175,178,181,182,182,185,185,189,189,193,193,193,193,197,200,203,204,210,211,221,223,223,226,228,231,232,232,236,237,237,238,238
GA,Dade,1,2,2,2,2,2,3,3,6,7,8,8,8,10,13,14,14,14,14,14,14,14,14,14,16,15,15,16,17,16,16,16,16,17,17,17,17,17,20,20,20,20,20,20,21,26,27,27,27,27,27,28,28,28,28,36,37,39,40,41
GA,Dawson,20,23,24,25,25,26,32,36,37,39,42,43,44,45,45,49,50,51,51,51,53,58,60,61,61,66,66,67,67,72,73,75,75,76,76,76,81,83,83,83,83,84,86,95,99,101,101,101,103,104,108,108,109,109,109,109,109,110,110,112
GA,Decatur,21,21,25,27,28,29,39,46,51,55,55,55,60,53,50,50,57,57,57,57,57,57,81,83,87,90,91,94,96,105,105,109,109,109,109,113,115,115,116,116,116,128,131,140,144,145,145,146,153,156,161,181,185,186,186,194,204,205,205,207
GA,DeKalb,673,732,766,826,848,893,1006,1144,1225,1260,1366,1408,1452,1520,1563,1609,1689,1721,1788,1800,1847,1887,1983,2027,2106,2177,2187,2257,2291,2357,2396,2445,2489,2536,2555,2605,2632,2664,2751,2799,2802,2856,2918,2979,3038,3080,3146,3257,3305,3421,3573,3635,3718,3731,3734,3795,3803,3874,3939,3986
GA,Dodge,8,9,9,9,11,13,15,17,17,19,19,19,19,19,19,21,22,22,23,23,24,24,25,26,28,29,29,30,31,31,31,32,32,32,34,35,36,38,38,39,39,44,44,47,47,48,48,48,48,50,50,51,51,51,51,52,52,52,52,52
GA,Dooly,27,28,35,37,40,44,51,51,55,64,69,69,70,71,73,74,81,106,108,112,119,119,123,129,130,131,132,132,133,133,137,140,142,146,146,148,151,152,155,157,157,162,162,163,164,164,165,168,172,174,176,177,179,179,179,182,183,185,186,189
GA,Dougherty,973,1001,1042,1072,1102,1178,1245,1297,1320,1358,1385,1409,1422,1436,1456,1465,1465,1465,1469,1470,1480,1492,1500,1506,1531,1534,1536,1543,1550,1555,1567,1583,1587,1593,1609,1643,1643,1643,1662,1661,1661,1664,1668,1672,1716,1723,1725,1727,1730,1764,1764,1762,1763,1770,1770,1780,1784,1790,1794,1796
GA,Douglas,117,124,134,147,151,159,177,189,201,209,222,229,230,243,246,259,273,276,276,278,284,298,311,319,334,336,341,343,353,363,366,398,400,414,417,417,422,429,433,437,437,439,445,452,455,478,487,490,504,517,521,528,539,539,543,546,549,556,571,583
GA,Early,96,97,105,106,120,125,128,137,145,148,163,165,169,173,174,184,184,188,194,198,201,203,213,213,214,214,219,221,221,221,224,224,226,226,226,228,228,228,228,228,228,231,234,235,234,234,234,234,235,236,238,238,238,238,238,241,244,247,247,247
GA,Effingham,18,19,19,20,20,22,23,25,24,24,25,25,26,27,29,30,33,34,34,34,34,34,34,35,36,36,36,36,38,37,37,37,37,38,38,38,38,38,38,42,42,45,47,48,50,61,63,63,63,74,74,73,73,73,74,74,75,75,77,78
GA,Emanuel,3,5,7,7,7,8,9,9,9,12,12,12,12,14,15,15,17,19,19,19,20,20,21,21,21,21,21,22,22,22,23,23,23,24,24,24,25,25,25,26,26,26,26,26,26,26,26,26,26,26,27,27,27,27,27,27,27,28,28,30
GA,Fannin,9,9,9,9,9,9,12,13,14,14,15,15,16,19,18,20,20,21,21,23,24,27,28,29,30,31,31,32,32,33,34,34,34,34,34,35,36,36,36,36,36,38,38,39,39,39,39,40,40,40,40,41,43,43,44,46,47,49,49,49
GA,Fayette,81,89,92,93,99,100,106,115,122,126,134,136,139,143,144,146,156,158,161,161,169,171,176,176,179,181,183,185,188,188,190,190,195,199,201,201,201,204,205,206,206,210,212,212,212,215,219,220,221,231,231,231,234,235,235,235,237,239,241,244
GA,Floyd,92,97,99,104,107,108,118,120,120,119,121,122,122,126,127,128,128,131,133,133,134,134,139,144,145,145,145,149,151,152,155,155,157,157,158,160,165,169,172,180,180,187,195,208,218,224,226,227,228,243,253,258,260,263,265,268,274,281,292,311
GA,Forsyth,98,98,109,119,128,133,143,153,157,169,185,197,200,211,216,227,235,241,249,252,272,284,293,299,313,331,332,341,348,356,361,364,366,386,386,386,393,395,397,398,399,405,412,434,443,444,446,449,480,492,502,507,512,512,512,523,532,534,535,541
GA,Franklin,3,3,3,4,4,4,4,5,7,10,10,10,10,12,12,13,15,16,17,17,17,17,17,18,19,21,21,22,23,24,25,26,26,26,26,28,29,30,31,31,33,33,33,35,35,35,36,36,39,39,41,45,46,46,46,102,104,105,123,132
GA,Fulton,1185,1261,1336,1417,1446,1495,1635,1812,1902,1945,2037,2065,2110,2198,2206,2255,2436,2500,2542,2545,2682,2729,2786,2821,2903,2959,2981,3057,3169,3251,3260,3317,3386,3509,3516,3595,3614,3625,3703,3749,3751,3751,3793,3793,3872,3931,3977,4054,4080,4230,4309,4367,4490,4507,4524,4621,4638,4688,4724,4790
GA,Gilmer,3,4,4,6,6,7,7,7,7,8,10,11,11,15,19,20,28,31,36,46,53,57,65,68,69,73,73,77,77,83,88,89,95,97,98,99,102,105,105,107,109,111,116,117,123,126,134,135,137,139,145,147,147,149,153,155,156,157,158,159
GA,Glynn,30,31,31,33,33,33,38,40,41,45,46,49,49,49,49,51,51,51,51,51,53,55,55,55,58,59,58,58,60,68,71,72,72,73,73,74,74,74,76,75,75,77,79,81,83,83,85,85,87,93,102,112,115,115,115,122,133,135,139,147
GA,Gordon,25,26,27,29,33,38,41,45,48,50,55,58,64,64,67,70,73,75,81,81,81,85,91,92,113,113,113,116,117,118,120,120,121,122,123,123,123,124,125,127,128,128,132,134,135,136,137,137,137,137,142,148,152,160,163,164,166,170,181,194
GA,Grady,6,8,13,15,15,15,18,21,23,26,27,27,31,34,38,40,47,48,48,48,54,58,63,63,64,64,63,63,63,75,80,83,83,83,83,88,88,88,90,90,90,92,92,92,92,93,93,93,93,93,93,93,94,94,110,111,114,117,119,119
GA,Greene,22,23,24,25,25,26,30,31,34,40,40,42,43,45,48,48,49,51,52,52,52,52,54,54,55,54,54,56,55,55,56,57,56,57,57,57,57,57,57,57,57,60,60,60,62,63,63,64,64,65,66,67,68,68,68,68,68,71,73,76
GA,Gwinnett,540,586,618,669,681,701,766,815,885,917,1037,1059,1099,1181,1238,1273,1351,1382,1460,1504,1546,1613,1744,1793,1889,1961,1980,2057,2107,2222,2255,2323,2404,2447,2475,2495,2510,2552,2597,2594,2594,2680,2771,2820,2882,2961,2997,3056,3198,3307,3480,3619,3733,3769,3780,3870,3891,4063,4267,4372
GA,Habersham,7,7,11,14,14,14,19,28,44,57,72,73,74,99,112,130,149,165,170,171,194,212,245,304,331,343,343,355,362,376,382,386,386,386,386,392,398,400,411,414,420,455,457,470,473,479,488,500,502,506,511,514,519,520,520,530,530,538,545,549
GA,Hall,215,233,247,273,276,282,319,363,402,526,605,607,621,702,756,907,963,1022,1032,1033,1099,1183,1261,1346,1482,1695,1700,1776,1846,1914,1956,1997,2003,2012,2039,2060,2112,2125,2140,2146,2152,2164,2191,2230,2248,2269,2305,2319,2327,2378,2422,2450,2465,2467,2467,2507,2508,2539,2566,2596
GA,Haralson,15,15,15,15,16,16,18,19,19,19,20,20,20,22,25,25,26,26,26,26,27,28,27,27,29,29,29,29,30,31,32,32,32,32,32,33,34,34,34,34,34,34,35,35,36,36,36,36,36,40,40,42,43,43,43,45,47,49,50,51
GA,Harris,12,15,17,19,19,20,22,23,27,34,36,39,39,44,44,49,55,55,55,56,57,57,59,60,61,61,59,59,60,60,61,62,65,66,67,68,73,74,75,74,74,74,74,75,78,79,80,83,83,84,88,89,91,91,91,101,102,111,119,119
GA,Hart,3,3,3,3,3,3,5,5,5,5,5,5,6,6,6,6,6,6,6,6,9,9,10,10,11,11,11,12,13,15,15,15,16,17,18,18,19,19,19,19,20,22,24,26,26,26,26,26,26,26,26,28,28,30,30,33,33,34,36,39
GA,Heard,2,2,3,3,4,4,4,5,5,5,5,7,7,7,8,8,9,9,9,9,9,9,9,10,11,12,13,13,14,14,14,14,14,14,15,17,17,17,17,17,17,17,20,23,24,26,26,26,28,28,30,32,32,33,34,34,35,35,36,36
GA,Henry,208,219,233,249,254,263,289,306,328,330,350,355,367,382,384,386,413,419,436,451,464,487,491,491,496,515,520,520,532,546,558,566,593,604,610,611,611,611,611,611,611,611,611,615,623,626,626,632,641,655,672,672,686,688,690,693,695,716,742,751
GA,Houston,85,99,108,112,113,121,129,138,142,158,164,165,166,182,184,190,194,204,206,209,215,218,220,223,234,237,242,261,268,274,278,283,283,285,285,290,290,306,313,313,314,318,323,324,335,339,342,343,349,355,362,363,364,365,366,375,376,381,390,393
GA,Irwin,9,10,11,11,11,11,12,12,12,13,15,15,15,15,15,15,15,15,15,15,15,15,15,15,15,16,16,18,19,20,21,21,21,21,22,22,22,22,22,22,22,22,22,22,23,23,23,23,24,24,24,25,28,28,28,30,30,31,33,34
GA,Jackson,23,23,26,26,26,27,29,32,35,43,46,47,48,55,57,63,69,73,73,73,77,78,85,94,98,108,108,111,113,117,119,122,123,123,124,125,126,126,127,127,127,132,134,137,139,145,147,147,148,153,171,175,184,184,184,195,198,199,210,221
GA,Jasper,5,5,6,6,6,8,9,9,10,10,14,15,17,17,18,18,19,20,20,20,20,21,21,21,23,24,24,25,25,26,26,25,25,25,25,26,26,26,26,26,26,26,26,26,26,31,31,31,31,32,32,32,33,36,36,39,39,40,45,46
GA,Jeff Davis,1,1,1,1,1,1,1,1,2,3,5,5,6,7,7,7,9,10,11,11,14,14,15,17,20,20,22,22,22,22,22,24,24,24,24,24,24,24,24,24,24,25,26,26,29,31,31,33,34,34,35,37,37,37,37,37,37,38,38,38
GA,Jefferson,4,4,4,6,6,6,7,7,9,11,11,11,11,11,11,11,12,13,13,14,14,14,14,14,14,15,15,15,16,17,17,17,17,17,17,18,19,22,22,22,22,23,25,26,26,26,26,26,29,30,32,33,36,41,43,43,44,46,47,49
GA,Jenkins,7,7,8,9,9,9,11,11,12,12,12,12,12,13,13,14,15,15,16,16,16,16,16,16,16,16,16,16,16,16,16,16,16,16,16,16,16,16,16,16,16,16,16,16,17,18,18,18,18,18,19,19,19,19,19,20,21,21,22,26
GA,Johnson,6,13,14,15,15,19,20,20,21,32,33,33,33,34,35,37,36,36,36,36,39,39,39,49,51,59,59,63,63,63,63,63,66,66,67,69,70,70,71,71,71,74,76,76,76,76,76,76,81,82,82,82,82,82,82,82,82,82,82,82
GA,Jones,7,7,9,10,11,12,12,14,15,15,16,16,17,20,21,22,24,24,26,26,27,28,28,28,29,29,29,29,31,30,30,30,30,30,30,30,30,30,30,30,30,30,31,32,32,32,33,34,34,34,34,35,35,37,37,40,40,44,48,49
GA,Lamar,14,15,15,15,15,17,18,20,21,21,22,24,25,27,28,28,31,31,33,33,34,35,37,38,39,40,39,39,39,38,38,39,39,40,40,40,40,41,41,41,41,41,44,44,46,50,50,51,53,57,60,66,67,67,67,71,71,73,75,76
GA,Laurens,24,27,27,28,31,34,35,35,35,38,39,41,43,43,43,44,46,50,52,52,54,54,54,60,61,64,64,67,68,70,72,77,80,80,82,82,85,86,87,94,94,95,94,94,95,96,100,101,104,104,104,103,103,105,106,108,108,108,108,108
GA,Lee,204,210,217,230,236,244,255,258,264,267,269,272,272,276,277,294,297,297,299,302,307,312,314,318,324,327,328,329,333,338,339,339,339,340,340,340,340,340,340,340,340,340,340,340,339,342,342,343,354,361,361,361,361,361,361,361,361,361,361,361
GA,Liberty,13,13,14,16,16,17,20,21,26,26,32,32,32,34,34,34,35,35,35,35,35,36,37,37,37,37,37,37,37,39,41,43,43,44,44,44,45,44,45,46,46,47,47,47,60,63,64,65,67,68,70,72,81,82,82,82,82,83,85,87
GA,Lincoln,6,6,6,7,8,9,9,9,9,9,9,9,9,9,10,10,10,10,10,10,10,11,12,12,12,12,12,12,12,12,12,12,12,12,12,12,12,12,12,12,12,13,13,15,15,15,15,15,15,16,16,16,16,16,16,16,16,16,16,16
GA,Long,1,1,1,1,1,1,1,2,2,2,2,2,2,2,2,2,2,2,3,3,4,4,4,5,5,5,5,5,5,5,5,5,5,5,5,5,5,5,6,6,6,6,6,6,12,12,12,12,12,12,15,15,15,16,16,16,16,16,16,16
GA,Lowndes,45,49,53,59,59,59,66,70,75,79,83,89,95,101,113,122,125,129,131,131,140,146,153,155,157,157,157,162,167,170,173,183,184,185,185,194,196,200,202,202,203,207,209,226,229,232,233,245,250,259,268,283,298,301,302,316,319,326,356,385
GA,Lumpkin,9,9,9,9,9,9,10,11,11,19,22,22,23,24,26,26,28,29,29,29,32,37,40,45,46,63,63,67,69,72,76,76,76,76,76,77,80,82,82,82,82,83,83,88,88,88,88,88,91,91,95,95,99,99,99,99,99,101,101,102
GA,Macon,10,12,16,18,19,23,29,47,39,42,46,48,49,53,55,59,66,67,68,70,73,75,75,79,81,81,81,81,81,81,81,81,82,84,84,85,88,89,90,90,91,93,93,94,94,95,95,95,95,98,99,99,100,101,101,102,102,104,104,106
GA,Madison,9,9,9,10,10,10,11,12,13,14,14,14,14,15,17,18,19,21,22,22,22,23,24,24,24,24,25,26,27,27,28,28,29,29,29,29,29,29,29,29,29,29,30,32,32,32,37,38,39,41,44,49,54,54,54,55,56,59,61,65
GA,Mcduffie,16,17,18,19,20,23,28,30,31,35,35,37,37,37,37,37,39,39,43,43,44,44,45,45,45,45,45,47,49,50,50,50,50,51,51,52,53,53,53,55,55,55,55,57,60,62,62,62,63,65,65,67,67,67,67,67,67,69,70,72
GA,Mcintosh,3,3,3,3,3,3,3,3,3,4,4,4,4,4,4,4,4,4,4,4,4,4,4,4,6,6,6,5,5,5,6,6,7,7,7,8,9,9,9,10,10,10,11,11,11,11,11,12,12,12,12,15,15,15,15,15,15,15,15,15
GA,Meriwether,18,18,18,19,23,23,23,24,28,35,40,40,42,46,47,48,48,49,49,49,50,53,53,53,54,54,54,56,57,59,61,62,65,65,66,66,68,70,70,70,70,70,70,73,76,78,78,78,78,78,81,82,84,85,85,86,87,95,99,105
GA,Miller,9,9,9,10,10,11,13,15,19,20,20,20,22,23,23,24,24,24,28,29,29,30,31,33,33,33,32,32,30,30,30,31,32,32,34,34,35,36,36,36,36,36,36,36,37,38,38,38,38,39,40,41,41,41,41,42,42,42,42,42
GA,Mitchell,100,113,118,135,136,138,150,164,176,193,203,203,203,210,254,280,288,288,288,289,289,293,306,310,318,319,319,326,331,336,340,341,350,352,352,357,381,387,388,388,388,389,393,396,397,397,399,399,399,399,409,407,408,408,409,413,413,415,416,416
GA,Monroe,12,12,12,12,12,12,12,13,14,15,15,15,15,15,15,15,18,19,19,20,22,22,23,23,24,24,24,25,30,33,34,34,34,34,35,44,44,45,47,95,95,95,102,108,113,114,117,117,118,118,118,119,120,120,120,121,121,123,123,123
GA,Morgan,10,12,13,14,14,14,15,15,17,19,19,20,21,22,22,22,22,22,22,22,24,24,27,27,27,27,28,29,30,30,30,30,32,33,33,33,33,33,33,33,33,34,34,34,34,35,36,36,37,37,37,37,37,37,37,38,38,38,38,39
GA,Murray,11,12,12,12,14,14,15,16,16,17,18,18,18,18,19,19,19,22,24,24,25,27,30,31,32,33,33,34,34,35,42,45,46,47,47,49,53,55,59,60,60,61,64,66,69,72,77,78,78,81,83,85,86,90,91,94,96,99,100,100
GA,Muscogee,54,94,118,142,144,156,167,175,182,200,210,218,219,229,235,244,256,259,270,275,287,290,298,303,316,320,329,334,342,348,354,363,365,371,377,391,398,411,424,424,424,440,451,456,487,509,536,550,564,568,587,593,602,604,615,632,637,673,697,750
GA,Newton,67,67,70,77,78,82,93,100,113,115,121,121,128,139,142,146,153,158,166,166,173,181,193,196,201,207,208,215,222,232,236,240,252,258,260,261,261,261,261,259,259,264,266,275,280,286,289,304,311,335,341,344,351,352,352,361,370,376,382,388
GA,Oconee,33,33,34,36,36,38,39,42,44,45,48,48,50,51,53,53,53,53,53,53,57,58,59,64,64,64,65,65,66,66,66,66,66,66,66,66,66,80,80,79,79,80,81,82,103,103,103,103,105,108,109,111,116,116,116,116,116,119,120,123
GA,Oglethorpe,2,2,5,12,12,12,13,19,31,32,32,32,32,34,34,34,36,47,47,47,48,48,48,48,49,50,50,50,51,51,53,56,56,56,56,56,55,55,55,55,55,55,56,56,56,58,58,58,58,58,58,58,60,61,61,62,62,63,63,66
GA,Paulding,62,65,69,74,79,84,100,115,118,123,132,133,133,141,141,145,148,156,159,160,166,172,176,188,193,195,195,207,209,212,218,221,222,223,226,230,234,236,240,240,240,241,247,261,264,273,275,277,291,294,305,309,320,326,328,328,330,334,340,347
GA,Peach,19,19,20,21,22,23,24,24,25,30,32,32,32,35,35,35,36,37,37,37,39,44,45,46,52,55,55,59,60,61,61,62,62,63,63,68,69,69,70,69,69,69,69,69,69,70,70,70,70,70,70,70,72,72,72,73,74,76,76,76
GA,Pickens,10,10,10,10,11,11,11,13,14,15,16,18,18,18,18,18,19,20,20,21,22,25,25,25,25,27,29,28,28,29,31,32,33,33,33,35,35,35,35,35,35,38,39,39,40,41,43,43,43,43,43,45,47,47,48,48,48,50,50,50
GA,Pierce,32,39,40,43,45,45,45,47,48,49,49,51,51,51,51,51,51,51,51,51,51,51,51,51,51,51,51,53,57,58,59,59,65,67,67,68,69,69,69,70,71,75,81,84,85,88,88,89,90,91,92,96,98,99,99,99,100,105,109,114
GA,Pike,10,11,12,15,16,16,19,22,25,28,29,30,32,33,34,35,37,38,38,38,38,39,39,40,40,40,40,40,40,40,41,41,41,44,44,44,44,44,44,44,44,44,44,45,45,48,48,49,50,52,54,54,54,54,54,54,54,56,57,59
GA,Polk,20,21,21,21,22,24,25,25,27,28,29,29,30,36,36,36,36,42,45,46,49,50,57,57,59,59,59,60,62,64,64,65,65,66,66,69,69,71,78,79,79,80,80,86,87,93,95,95,97,101,107,113,118,118,118,124,126,131,138,139
GA,Pulaski,8,9,9,9,9,9,11,11,11,16,16,16,16,17,17,17,20,20,20,20,24,25,27,30,31,31,32,33,33,33,33,33,34,34,34,34,34,36,36,36,36,36,35,35,38,38,39,39,39,39,39,40,42,42,42,42,42,43,43,43
GA,Putnam,5,5,5,5,5,6,7,12,12,14,17,19,21,25,26,27,29,31,31,31,37,37,37,40,42,41,41,46,49,51,52,54,55,55,58,59,59,60,62,77,77,79,80,83,84,84,85,87,88,88,88,88,89,90,90,93,93,95,97,99
GA,Rabun,5,6,6,6,6,6,7,7,7,7,7,7,7,8,8,9,9,9,9,9,10,12,12,13,13,13,13,13,13,13,13,13,14,14,14,14,14,14,14,14,15,15,15,15,15,15,15,15,15,16,17,19,20,20,20,23,23,25,25,26
GA,Randolph,82,87,95,102,103,111,122,131,131,135,140,141,141,145,146,148,149,152,153,153,156,156,159,159,162,163,163,164,165,167,167,167,168,168,168,169,169,169,169,169,169,169,169,170,170,170,170,170,174,175,176,177,179,179,179,179,179,179,181,181
GA,Richmond,75,79,89,134,138,144,156,162,169,231,246,262,264,283,294,313,335,353,355,360,377,382,390,406,412,416,417,422,424,429,436,444,444,447,449,469,471,480,490,490,490,491,495,501,522,523,525,527,534,553,563,576,595,595,595,598,598,606,609,619
GA,Rockdale,85,85,85,89,92,97,101,106,107,111,117,119,128,140,141,144,151,158,161,161,166,172,178,189,192,195,195,199,204,223,226,228,230,239,243,245,248,249,249,249,249,250,251,251,254,257,258,265,267,268,276,278,283,285,285,285,289,297,302,304
GA,Schley,10,10,11,12,12,12,12,12,13,14,15,15,16,16,16,16,16,16,16,16,16,16,16,16,16,16,16,16,15,15,15,15,15,15,15,15,15,15,15,16,16,16,16,16,16,16,16,16,16,16,16,16,16,16,16,16,16,16,17,18
GA,Screven,4,4,5,5,5,7,7,9,9,11,11,11,11,11,14,14,14,14,14,14,14,15,15,15,15,15,15,15,16,16,17,17,17,17,17,17,18,18,18,19,19,20,20,20,22,25,26,27,28,32,47,50,50,51,51,55,55,55,56,57
GA,Seminole,12,12,12,14,14,15,16,16,19,19,20,20,21,25,26,27,27,27,27,27,29,30,29,29,30,30,31,31,31,32,33,34,34,34,34,36,38,38,40,40,40,40,41,41,42,42,42,42,43,43,43,44,44,44,44,45,45,45,45,46
GA,Spalding,54,56,60,65,69,73,78,83,96,119,124,126,128,135,136,136,140,144,189,190,197,199,205,210,214,219,219,219,222,223,224,227,232,235,236,236,236,238,239,239,239,242,246,246,246,250,253,253,259,262,264,267,275,275,275,277,277,280,281,292
GA,Stephens,13,15,15,16,17,17,20,24,24,28,30,31,35,40,41,42,48,55,56,70,71,71,73,79,81,87,87,86,86,91,91,91,91,91,92,93,94,94,97,98,107,113,114,117,121,122,122,122,123,129,132,136,138,138,139,143,143,143,143,143
GA,Stewart,4,4,4,6,6,7,8,8,9,12,15,15,15,17,17,17,17,17,17,17,18,21,23,24,25,25,25,25,25,26,27,30,31,31,34,35,35,37,37,37,37,39,40,40,40,40,42,42,44,46,47,51,52,52,52,52,52,53,54,55
GA,Sumter,162,180,194,216,224,239,251,269,276,292,306,314,332,332,334,341,344,348,350,356,363,370,378,381,383,386,388,391,385,385,388,391,399,400,400,406,409,412,413,415,415,419,421,425,432,436,439,445,449,454,460,466,475,475,475,487,489,490,490,493
GA,Talbot,7,7,8,9,9,9,9,10,13,15,16,16,16,19,20,21,21,21,21,21,21,22,24,25,25,25,25,25,24,24,26,26,27,27,27,27,27,27,28,28,28,30,30,31,32,34,34,35,35,37,38,38,38,38,38,39,39,40,40,40
GA,Tattnall,3,3,3,3,3,5,5,5,5,5,5,5,5,5,5,6,6,6,6,7,7,8,9,9,9,9,9,9,9,9,9,9,9,9,9,10,10,11,11,11,11,12,13,13,13,13,14,15,15,19,19,20,23,23,27,27,27,29,29,30
GA,Taylor,4,5,5,7,7,7,9,9,9,10,10,10,11,13,13,13,14,14,16,16,16,16,17,17,17,18,18,18,18,18,18,18,18,20,20,21,21,21,21,21,21,21,21,21,21,21,21,21,21,21,21,22,22,22,22,22,22,23,23,23
GA,Terrell,92,95,98,103,106,109,118,134,137,137,142,146,148,150,156,159,162,164,165,165,167,170,177,183,185,185,186,189,191,193,195,197,197,197,197,198,199,199,199,199,199,199,199,203,203,209,211,211,211,213,213,213,213,213,213,213,213,215,217,217
GA,Thomas,42,56,72,74,76,77,78,89,109,112,115,115,125,126,143,148,157,157,157,158,162,173,178,186,191,191,191,196,204,219,227,239,242,242,249,264,267,276,281,283,283,288,289,302,304,308,309,311,313,323,324,323,324,324,324,329,332,346,349,350
GA,Tift,45,52,55,56,59,59,66,71,74,79,80,82,86,92,91,93,97,97,97,97,97,97,110,117,122,126,127,132,132,137,139,145,152,156,157,161,164,170,175,176,181,185,188,194,204,212,213,219,228,234,238,247,255,256,256,266,270,271,277,291
GA,Toombs,8,8,11,11,11,11,12,15,17,17,19,20,20,20,21,21,23,26,27,27,28,28,30,31,31,32,34,34,35,37,38,39,40,40,40,41,41,43,43,44,44,46,46,47,48,50,50,50,50,53,54,55,56,56,56,56,56,58,60,62
GA,Troup,47,49,54,55,57,60,62,68,72,77,80,86,87,100,107,109,118,122,122,126,138,140,145,148,150,154,154,159,163,168,173,177,185,186,190,192,192,192,195,199,200,201,213,215,227,238,245,250,260,268,268,283,292,307,313,318,320,345,363,395
GA,Turner,19,22,25,28,35,37,40,41,46,49,51,51,56,58,58,59,60,62,62,63,64,66,67,68,68,68,68,69,70,71,73,74,78,78,78,78,80,81,81,81,81,84,85,85,90,92,96,100,105,106,110,114,115,118,118,125,128,134,134,139
GA,Twiggs,2,2,2,2,2,2,2,3,3,4,4,4,4,4,4,6,6,7,7,7,7,7,8,8,8,8,8,8,8,8,8,8,8,8,8,8,8,9,9,9,9,9,10,10,11,11,13,13,14,14,15,15,15,17,17,17,17,18,18,18
GA,Unassigned,448,885,957,1226,1300,1061,560,287,147,212,277,258,269,300,494,595,364,460,630,622,615,592,579,395,648,652,694,703,617,529,852,853,746,1004,914,1135,1284,1363,1644,1787,2035,2216,2136,2432,2464,2496,2682,2657,2294,1790,1372,1319,1025,1202,1698,1511,1561,1338,1196,1043
GA,Union,4,5,5,6,7,7,7,8,8,8,10,12,14,15,15,18,25,27,28,32,32,33,33,33,30,31,31,31,32,32,33,34,34,34,35,36,36,36,36,36,36,37,37,38,39,39,39,39,39,41,43,43,44,44,46,46,46,48,48,48
GA,Upson,29,39,42,50,51,56,122,128,139,143,164,170,170,175,180,185,191,193,196,197,203,207,212,217,224,227,233,240,243,245,246,247,249,250,250,254,255,255,257,258,260,261,267,267,270,271,272,273,275,279,280,280,280,280,281,283,284,289,289,290
GA,Walker,3,4,4,6,6,6,7,10,13,13,13,14,15,19,36,58,58,58,58,58,58,58,60,60,60,51,51,61,61,61,61,62,64,65,65,68,72,74,74,74,74,74,76,81,84,94,94,94,96,102,109,112,138,141,141,162,162,171,178,189
GA,Walton,25,27,32,34,38,42,45,52,55,56,58,59,60,63,63,73,81,92,95,95,100,110,121,126,129,132,133,136,138,143,148,148,151,152,152,152,158,158,158,158,158,164,166,172,185,186,186,189,196,217,242,246,261,265,265,265,269,273,288,297
GA,Ware,37,43,45,50,50,54,58,64,67,76,77,81,85,88,93,95,100,103,105,107,112,112,115,121,128,130,130,133,142,146,147,155,155,165,165,166,166,169,170,171,171,174,177,191,191,201,206,209,218,221,223,225,228,228,228,228,228,234,238,240
GA,Warren,6,6,6,6,6,7,7,7,8,10,10,10,10,10,10,10,12,12,12,12,12,12,12,12,12,13,13,13,13,13,13,14,14,15,15,16,16,16,16,16,16,16,16,16,17,17,17,17,18,18,18,18,18,18,18,18,18,18,18,18
GA,Washington,13,16,21,21,21,22,22,22,22,23,24,25,25,25,28,28,28,33,34,34,37,37,38,42,43,44,43,43,43,46,51,53,53,57,57,62,62,63,63,63,63,67,68,71,72,72,73,73,73,73,74,74,74,74,74,74,74,74,74,74
GA,Webster,3,3,3,3,3,3,3,3,3,4,5,5,5,6,7,7,7,7,7,8,10,10,10,10,10,10,10,10,10,10,10,10,10,10,10,11,11,11,11,11,11,11,11,11,11,11,11,11,11,11,11,11,12,12,13,13,13,13,13,14
GA,Wheeler,1,1,2,2,2,2,3,3,3,3,3,3,3,3,3,3,3,3,3,3,4,4,4,4,5,5,5,5,5,5,5,5,5,5,5,6,6,7,7,7,7,7,7,9,9,9,9,9,9,9,9,13,13,13,13,13,13,13,13,13
GA,White,10,11,11,11,11,11,11,14,14,20,20,20,20,30,32,33,36,38,38,38,48,56,59,61,63,78,78,79,83,83,86,86,87,87,87,87,87,87,87,87,87,87,90,91,91,92,93,94,94,95,98,99,101,101,101,103,103,105,110,111
GA,Whitfield,19,19,21,24,24,24,28,29,32,34,41,43,43,45,46,53,59,62,63,63,69,75,79,105,111,118,120,126,131,135,139,140,149,154,157,171,173,175,177,180,180,188,194,206,220,249,270,279,283,303,311,322,331,351,374,391,391,408,427,438
GA,Wilcox,2,2,5,5,5,24,24,28,30,34,38,42,43,44,45,51,64,68,68,68,72,89,88,90,90,90,90,90,90,90,92,94,95,95,95,95,95,95,95,95,95,95,97,98,98,98,98,98,98,105,105,106,109,111,111,116,117,117,117,117
GA,Wilkes,5,5,6,6,6,6,7,8,9,11,11,12,17,18,19,21,22,22,22,23,23,23,24,25,25,25,25,25,26,26,26,26,27,27,27,27,27,28,28,28,28,30,30,30,30,32,32,32,32,33,33,33,33,33,33,33,33,34,34,34
GA,Wilkinson,3,8,8,9,10,11,11,12,14,18,20,20,20,22,22,22,27,29,30,31,32,34,35,35,35,35,35,35,35,40,40,39,39,40,40,40,40,40,42,45,45,45,46,49,61,63,63,65,65,65,68,68,69,69,69,69,69,69,70,71
GA,Worth,60,65,70,78,80,87,96,99,111,114,116,119,121,128,138,138,138,138,140,141,143,144,149,153,160,162,163,167,173,176,179,180,182,183,183,188,191,191,195,195,196,197,201,206,202,203,204,208,208,208,208,208,209,210,211,222,223,226,228,231
GA,Lanier,5,5,5,5,5,5,5,5,5,6,6,6,6,7,7,7,7,8,8,8,8,8,8,8,9,9,9,10,10,10,10,10,10,11,11,11,11,11,11,11,11,11,11,12,12,12,12,12,14,16,20,20,21,21,21,24,24,24,27,27
GA,Telfair,4,6,7,9,9,9,11,11,11,13,14,14,14,15,15,16,16,20,24,24,25,25,25,27,28,28,28,28,28,28,28,28,28,28,28,28,29,29,29,29,29,30,29,29,30,32,32,32,33,34,34,36,37,37,37,37,37,37,38,38
GA,Elbert,2,3,3,3,3,3,6,6,7,7,7,7,7,7,7,10,14,15,16,19,19,19,22,23,27,29,31,31,32,33,34,37,39,42,42,43,46,46,46,46,46,48,69,69,69,71,71,71,71,73,73,73,74,75,75,75,75,75,76,77
GA,Marion,4,7,8,10,10,10,15,17,17,20,26,26,28,29,29,33,34,35,38,38,40,40,42,42,42,42,39,37,37,37,37,38,38,38,38,38,38,38,39,39,40,46,47,47,48,48,49,49,49,49,52,53,57,57,57,57,59,59,59,59
GA,Quitman,3,3,3,3,3,3,3,3,3,3,3,3,3,3,3,3,3,3,3,3,4,4,4,4,5,8,6,6,6,6,6,6,6,6,6,7,7,7,8,8,8,8,8,8,8,10,11,11,11,12,12,12,12,12,12,12,12,14,14,14
GA,Towns,2,2,2,3,3,3,3,8,8,10,10,12,13,15,15,19,19,20,20,20,20,21,21,21,20,20,19,20,20,20,20,20,20,20,20,20,21,21,21,21,21,21,21,21,22,22,22,22,22,22,23,23,24,24,24,24,24,26,27,29
GA,Wayne,3,3,3,4,4,4,5,6,6,7,7,7,7,8,9,10,10,11,11,11,12,12,12,13,13,13,13,13,13,13,13,13,13,13,13,13,14,14,14,14,14,14,14,15,15,15,16,16,17,17,18,18,19,19,19,20,20,22,22,23
GA,Crawford,1,3,3,3,3,3,3,9,10,12,13,13,13,14,14,14,14,14,14,14,14,15,15,15,17,18,18,18,18,18,18,18,18,18,18,19,19,19,19,19,19,19,23,23,23,24,25,26,26,28,28,28,28,28,28,28,28,28,28,29
GA,Brantley,5,5,6,7,7,8,11,12,14,16,17,18,18,20,20,20,20,20,21,21,21,22,22,22,22,22,22,22,22,22,23,23,24,25,26,27,28,28,35,38,38,39,44,46,46,48,50,50,50,50,50,51,54,56,56,57,58,59,61,62
GA,Treutlen,1,1,1,1,1,1,1,1,1,1,1,1,1,2,2,2,2,2,2,2,2,3,3,3,3,3,3,3,3,4,5,5,5,5,5,5,7,7,7,8,8,8,8,8,8,8,8,8,8,8,8,8,9,9,10,10,12,13,13,14
GA,Atkinson,2,2,2,2,2,2,2,2,2,4,5,5,5,5,5,5,7,7,7,7,7,7,7,8,9,11,11,12,14,18,19,20,20,20,20,20,20,20,20,20,20,22,22,24,26,26,26,29,31,35,38,41,46,47,48,51,51,53,54,55
GA,Echols,1,2,2,2,2,2,2,2,3,3,4,4,4,4,5,5,5,5,5,5,5,5,5,5,5,5,5,5,5,5,6,6,6,6,7,8,10,12,15,15,15,16,21,53,54,59,61,61,62,96,99,104,107,110,117,119,121,125,130,136
GA,Hancock,1,1,1,1,3,3,3,5,6,6,6,7,7,10,10,11,14,16,17,18,25,37,40,47,51,59,61,64,71,110,117,119,127,128,128,138,140,142,149,149,159,161,167,167,167,175,176,191,191,192,192,194,194,194,195,196,196,196,196,196
GA,Montgomery,0,0,0,0,2,2,2,2,2,2,2,2,2,2,2,2,2,2,2,2,2,2,2,2,2,2,2,2,2,2,2,4,4,4,4,5,5,5,8,8,8,8,8,8,8,8,9,9,9,9,9,9,9,9,9,10,11,11,11,12
GA,Evans,0,0,0,0,0,1,2,2,2,2,2,2,2,3,4,4,4,4,4,4,4,4,4,4,5,5,5,5,5,5,5,5,5,4,4,4,4,4,4,4,4,5,5,5,5,5,5,5,5,5,5,5,5,5,5,5,5,5,6,6
GA,Non-Georgia Resident,0,0,0,0,0,0,496,665,677,724,774,827,868,951,977,978,916,916,990,990,972,972,962,963,1054,1054,1054,1023,1017,1017,1081,1088,1108,1530,1530,1530,1530,1530,1530,1557,1601,1641,1639,1639,1694,1748,1834,1903,1903,1903,1903,1903,1975,1995,2012,2142,2144,2183,2319,2341
GA,Taliaferro,0,0,0,0,0,0,0,0,0,0,0,0,0,0,0,0,0,0,0,0,0,0,0,0,0,0,1,1,1,1,1,1,1,1,1,1,1,1,1,1,1,1,1,1,1,1,1,1,1,1,1,1,1,1,1,1,1,1,1,1
GA,Glascock,0,0,0,0,0,0,0,0,0,0,0,0,0,0,0,0,0,0,0,0,0,0,0,0,0,0,0,0,0,0,1,1,1,1,1,1,1,1,1,1,1,1,1,1,1,1,1,1,1,1,1,1,1,1,1,1,1,1,1,1
GA,Dougherty,0,0,0,0,340,340,340,340,340,340,340,340,340,340,340,340,340,340,340,340,340,340,340,340,340,340,340,340,340,340,340,340,340,340,340,340,340,340,340,340,340,340,340,340,340,340,340,340,340,340,340,340,340,340,340,340,340,340,340,340
GA,Baker,1,1,1,1,1,1,1,1,1,1,1,1,1,1,1,1,1,1,1,1,1,1,1,1,1,1,1,1,1,1,1,1,1,1,1,1,1,1,1,1,1,1,1,1,1,1,2,2,2,2,2,2,2,2,2,2,2,2,3,3
GA,Baldwin,1,1,1,1,1,2,2,2,2,2,2,2,2,4,4,4,4,5,6,6,6,6,8,8,8,8,8,9,10,10,10,12,12,12,12,12,12,12,12,12,14,14,14,14,16,19,24,24,25,25,26,26,26,26,26,26,26,27,27,27
GA,Barrow,3,3,3,3,3,3,3,3,3,3,3,3,3,3,3,3,3,3,3,3,4,4,4,4,4,4,4,4,5,5,5,5,5,5,6,7,7,7,8,8,8,8,8,8,9,11,11,11,11,11,13,13,13,14,14,17,18,18,19,20
GA,Bartow,12,12,15,15,15,16,17,17,20,22,22,22,22,24,27,27,27,28,28,28,29,30,30,30,31,31,31,31,31,31,31,31,31,31,33,34,35,35,35,35,35,35,35,35,36,36,36,36,36,38,38,38,38,38,38,38,38,39,39,39
GA,Bibb,1,1,1,1,1,1,1,1,1,1,1,1,1,1,4,4,5,5,6,6,7,8,10,10,10,11,11,12,13,14,14,14,14,14,14,14,14,15,15,15,15,17,18,18,20,20,24,24,24,24,24,25,27,27,28,28,29,29,29,30
GA,Brantley,1,1,1,1,1,1,1,1,1,1,2,2,2,2,2,2,2,2,2,2,2,2,2,2,2,2,2,2,2,2,2,2,2,2,2,2,2,2,2,2,2,2,2,2,2,2,2,2,2,2,2,2,2,2,2,2,2,2,2,2
GA,Brooks,0,1,1,1,1,1,1,1,2,2,5,5,5,6,6,6,6,6,6,6,6,6,6,6,6,6,6,7,7,7,7,7,7,7,7,7,7,8,8,9,9,9,9,9,9,9,9,9,9,9,9,8,8,8,8,8,8,8,8,8
GA,Bryan,1,1,1,1,1,1,2,2,2,2,2,2,2,2,2,2,2,2,2,2,2,2,2,2,3,3,3,4,4,4,4,4,4,4,4,4,4,4,4,4,4,4,5,5,5,5,5,5,5,5,5,5,5,5,5,5,5,5,5,5
GA,Bulloch,0,0,0,0,1,1,1,1,1,1,1,1,1,2,2,2,2,2,2,2,2,2,2,2,2,2,2,2,2,2,2,2,2,2,2,2,2,2,2,2,2,2,2,2,2,2,2,2,2,2,2,2,2,2,2,2,2,2,2,2
GA,Burke,0,0,1,1,1,1,2,2,2,2,2,2,2,3,3,3,3,3,3,3,3,3,3,3,3,3,3,3,3,3,3,3,3,3,3,3,3,3,3,3,3,4,4,4,4,4,4,4,4,5,5,5,5,5,5,6,6,6,6,6
GA,Calhoun,1,1,2,2,2,2,2,2,2,2,2,2,2,2,2,3,3,3,3,3,3,4,4,4,4,4,4,4,4,4,5,5,5,5,5,5,5,5,6,6,6,6,6,6,5,5,5,5,5,5,5,5,5,5,5,5,6,6,6,6
GA,Carroll,4,4,5,5,5,5,5,6,7,7,8,9,9,11,11,11,11,11,11,11,13,13,14,14,14,14,14,15,15,15,16,17,17,17,18,19,19,19,20,20,20,21,21,21,24,24,24,24,24,24,25,24,24,24,24,24,24,26,28,28
GA,Chatham,4,4,4,5,5,5,5,5,5,5,5,5,5,6,6,6,6,6,6,6,7,7,9,9,9,9,9,10,12,12,12,12,12,12,13,14,14,14,14,14,14,14,16,16,18,21,21,21,21,23,23,24,24,24,24,25,26,26,27,28
GA,Chattooga,1,1,1,1,1,1,1,1,1,1,1,1,1,1,1,1,1,1,1,1,1,1,2,2,2,2,2,2,2,2,2,2,2,2,2,2,2,2,2,2,2,2,2,2,2,2,2,2,2,2,2,2,2,2,2,2,2,2,2,2
GA,Cherokee,6,6,6,7,7,7,7,7,8,8,8,8,8,9,10,10,10,10,10,10,10,11,11,11,13,13,13,14,15,16,17,17,17,17,18,21,21,21,23,24,24,26,26,26,29,29,29,29,29,31,31,32,32,33,33,33,33,33,33,34
GA,Clarke,9,9,10,10,11,11,12,12,12,12,13,13,13,13,13,13,13,13,13,13,13,13,13,13,13,13,13,13,13,13,13,13,13,13,13,13,13,13,13,13,13,13,13,13,13,13,13,13,13,13,13,13,13,13,13,13,14,14,15,15
GA,Clay,1,1,1,1,1,1,1,1,2,2,2,2,2,2,2,2,2,2,2,2,2,2,2,2,2,2,2,2,2,2,2,2,2,2,2,2,2,2,2,2,2,2,2,2,2,2,2,2,2,2,2,2,2,2,2,2,2,2,2,2
GA,Clayton,10,11,11,11,11,11,12,12,13,13,16,17,17,20,21,21,21,21,21,21,24,24,27,30,33,33,32,32,33,33,34,34,34,34,34,34,34,36,38,38,38,38,38,39,42,43,43,43,43,44,45,45,45,45,49,50,51,51,51,52
GA,Cobb,29,29,32,33,33,35,36,41,44,49,51,51,51,56,60,63,66,72,74,75,80,81,88,94,96,96,97,101,102,107,108,114,117,117,118,124,127,129,132,132,132,132,135,135,138,141,141,142,146,150,157,168,170,171,175,183,183,186,190,194
GA,Coffee,2,2,2,2,2,3,3,3,3,3,3,3,4,4,4,4,4,4,4,4,4,4,6,7,7,7,7,7,8,8,8,9,9,9,10,10,11,11,11,12,12,12,12,12,13,13,13,13,13,13,13,15,15,15,15,15,15,15,15,15
GA,Colquitt,5,5,5,5,5,5,5,5,5,5,5,5,5,5,6,6,6,6,6,6,6,6,6,6,9,10,9,9,10,10,10,10,10,10,10,11,11,11,11,11,11,11,11,11,13,13,14,14,14,14,14,14,14,14,15,15,15,15,15,15
GA,Coweta,2,2,2,2,2,2,2,2,3,3,3,3,3,4,4,4,4,4,4,4,4,4,4,4,4,4,4,4,4,4,4,4,4,4,4,4,4,4,4,4,4,4,4,4,7,7,8,8,8,8,8,8,8,8,9,9,9,9,9,9
GA,Dade,1,1,1,1,1,1,1,1,1,1,1,1,1,1,1,1,1,1,1,1,1,1,1,1,1,1,1,1,1,1,1,1,1,1,1,1,1,1,1,1,1,1,1,1,1,1,1,1,1,1,1,1,1,1,1,1,1,1,1,1
GA,Dawson,1,1,1,1,1,1,1,1,1,1,1,1,1,1,1,1,1,1,1,1,1,1,1,1,1,1,1,1,1,1,1,1,1,1,1,1,1,1,1,1,1,1,1,1,1,1,1,1,1,1,1,1,1,1,1,1,1,1,1,1
GA,DeKalb,11,12,13,13,14,14,15,15,16,21,23,24,24,26,30,31,34,36,36,36,42,44,46,47,49,52,53,57,59,61,62,69,69,69,71,72,73,75,80,81,82,86,87,88,96,100,102,102,104,107,111,112,112,112,120,121,121,122,122,124
GA,Dooly,1,1,1,1,1,2,2,2,4,4,4,4,4,5,6,6,7,7,7,7,8,8,9,9,9,9,9,11,11,11,12,12,12,12,12,12,12,12,12,12,12,12,12,12,12,12,12,12,12,12,12,12,12,12,12,12,12,12,12,12
GA,Dougherty,52,62,67,68,72,72,78,78,83,88,90,90,90,98,103,106,108,108,108,108,114,118,119,120,123,124,125,125,125,126,126,126,126,126,128,129,130,132,134,134,134,135,138,138,138,138,139,139,140,142,144,144,144,145,148,149,149,149,149,149
GA,Douglas,5,5,5,5,5,5,5,6,6,6,6,6,6,6,7,8,8,8,8,8,11,11,11,11,11,11,11,11,11,11,11,11,11,11,12,12,14,14,15,15,15,18,19,19,22,22,22,22,22,23,24,24,24,25,25,25,25,25,25,25
GA,Early,5,5,5,6,6,6,6,6,6,8,8,8,8,10,10,12,15,15,15,15,15,15,20,20,20,20,20,24,25,25,26,26,26,26,26,27,28,28,28,28,28,28,28,29,29,29,29,29,29,30,30,30,31,31,31,31,31,32,32,32
GA,Effingham,1,1,1,1,1,1,1,1,1,1,1,1,1,1,1,1,1,1,1,1,1,1,1,1,1,1,1,1,1,1,1,1,1,1,1,1,1,1,1,1,1,1,1,1,1,1,1,1,1,1,1,1,1,1,1,1,1,1,1,1
GA,Fayette,3,3,4,4,4,4,5,5,5,5,5,5,5,8,8,8,8,8,8,8,8,9,10,10,10,10,10,10,10,11,11,11,11,11,11,11,11,11,11,11,11,11,11,11,11,11,11,11,13,13,13,13,13,13,13,13,13,13,13,15
GA,Floyd,3,3,5,5,5,5,6,6,6,6,8,8,8,8,8,8,8,10,10,10,11,11,11,11,11,11,11,11,11,11,12,12,12,12,12,12,12,12,13,13,13,13,13,13,13,14,14,14,14,15,15,15,15,15,15,15,15,15,15,15
GA,Forsyth,1,2,2,4,4,5,5,5,5,5,6,7,7,7,8,8,8,8,8,8,8,9,9,9,10,10,10,10,10,10,10,10,10,10,10,11,11,11,11,11,11,11,11,11,12,12,12,12,12,12,12,12,12,12,12,12,12,12,12,12
GA,Fulton,39,42,48,50,50,50,52,60,63,66,74,74,75,80,83,85,88,91,91,94,103,108,116,118,122,122,124,129,130,135,137,144,144,144,145,149,152,159,164,165,165,171,174,174,190,196,196,196,199,209,214,224,229,230,235,241,242,244,250,250
GA,Gordon,3,3,3,3,3,3,3,3,5,5,5,5,5,6,7,8,10,10,10,10,12,12,12,12,12,12,12,13,13,14,15,15,15,15,16,16,15,15,15,15,15,15,15,15,15,15,15,15,15,15,15,15,15,16,16,16,16,16,16,16
GA,Greene,1,1,1,1,1,1,1,1,1,1,1,1,1,1,1,1,1,1,1,1,1,2,2,2,2,2,3,5,5,5,5,5,5,5,5,5,5,5,6,6,6,6,7,7,7,7,7,7,7,7,7,7,7,7,7,7,7,7,7,7
GA,Gwinnett,13,17,17,17,18,19,24,29,32,32,36,36,38,42,44,46,46,46,46,47,52,54,55,57,58,58,58,65,77,81,84,87,87,87,92,101,101,101,101,102,102,105,114,117,120,121,121,121,121,125,126,126,126,127,128,132,133,135,135,136
GA,Habersham,0,0,0,0,1,1,1,1,2,2,2,2,2,2,2,3,3,3,3,3,4,7,7,8,8,8,8,9,11,12,14,14,14,14,14,14,14,14,14,14,14,14,14,14,18,18,19,19,19,19,19,20,20,23,23,23,23,23,24,25
GA,Harris,0,0,1,1,1,1,1,1,1,1,2,2,2,2,2,2,2,2,2,2,2,2,2,2,2,2,2,2,2,2,2,2,2,2,2,2,2,2,3,3,3,3,3,4,4,4,4,4,4,4,5,5,5,5,5,6,6,6,6,6
GA,Heard,0,0,1,1,1,1,1,1,1,1,1,1,1,1,1,1,1,1,1,1,1,1,1,1,1,1,1,1,1,1,1,1,1,1,1,1,1,1,1,1,1,1,1,1,2,2,2,2,2,2,2,2,2,2,2,2,2,2,3,3
GA,Henry,3,3,3,3,3,3,4,4,5,5,7,7,7,10,10,10,10,10,10,10,11,11,12,12,13,13,13,13,14,14,14,14,14,14,14,15,16,17,18,18,18,18,19,20,20,19,19,19,19,20,22,22,22,22,22,22,22,22,22,22
GA,Houston,6,7,7,7,7,7,8,9,9,9,10,10,10,11,12,13,13,13,13,13,13,13,13,14,14,14,14,14,14,14,15,15,15,15,15,15,16,16,16,16,16,16,16,16,16,16,16,16,16,16,16,16,16,17,17,17,17,18,19,19
GA,Jackson,0,0,1,1,1,1,1,1,1,1,1,1,1,1,1,1,1,1,1,1,1,1,1,2,2,2,2,2,3,3,3,3,3,3,3,3,3,3,3,3,3,3,3,3,3,4,4,4,4,5,5,5,5,5,5,6,6,6,6,7
GA,Jefferson,0,0,1,1,1,1,1,1,1,1,1,1,1,1,1,1,1,1,1,1,1,1,1,1,1,1,1,1,1,1,1,1,1,1,1,1,1,1,1,1,1,1,1,1,1,1,1,1,1,1,1,1,1,1,1,1,1,1,1,1
GA,Jenkins,0,1,1,1,1,1,1,1,1,1,1,1,1,1,1,1,1,1,1,1,1,1,1,1,1,1,1,1,1,1,1,1,1,1,1,1,1,1,1,1,1,1,1,1,1,1,1,1,1,1,1,1,1,1,1,1,1,1,1,1
GA,Johnson,0,0,1,1,1,1,1,1,1,1,1,1,1,1,1,1,1,1,2,2,2,2,2,2,2,2,2,2,2,2,2,2,2,2,2,2,2,2,2,2,2,2,2,2,2,2,2,2,2,2,2,2,2,2,2,2,2,2,2,2
GA,Laurens,0,0,0,1,1,1,1,1,1,1,1,1,1,1,1,1,1,1,1,1,1,1,1,1,1,1,1,1,1,1,1,1,1,1,1,1,1,1,1,1,1,1,1,1,1,1,1,1,1,1,1,1,1,1,1,1,1,1,1,1
GA,Lee,14,14,15,15,15,15,15,15,15,15,15,15,15,16,17,17,18,18,18,18,19,19,20,20,20,20,20,20,22,22,22,22,22,22,22,22,22,22,22,22,22,22,22,22,22,22,22,22,22,22,22,22,22,22,22,22,22,22,22,22
GA,Lowndes,1,1,1,2,2,2,2,3,3,3,3,3,3,3,3,4,4,4,4,4,4,4,4,4,4,4,4,4,4,4,4,4,4,4,4,4,4,4,4,4,4,5,5,5,5,4,4,4,4,4,4,4,4,4,4,4,4,4,4,4
GA,Madison,1,1,1,1,1,1,1,1,1,1,1,1,1,1,1,1,1,1,1,1,1,1,1,1,1,1,1,1,1,1,1,1,1,1,1,1,1,1,1,1,1,1,1,1,1,1,1,1,1,1,1,1,1,1,1,1,1,1,1,1
GA,Mcduffie,1,1,2,2,2,2,2,2,2,2,2,2,2,3,3,4,4,4,4,4,4,4,4,4,4,4,4,4,4,4,4,4,4,4,4,4,4,4,4,4,5,5,5,5,5,5,5,5,5,5,5,5,5,5,5,5,5,5,5,5
GA,Mitchell,11,11,13,13,13,14,15,19,20,22,23,23,23,23,23,23,24,24,25,26,28,29,30,30,31,31,31,33,31,31,31,31,31,31,32,32,32,32,32,32,32,32,32,32,32,32,32,32,32,32,32,32,32,32,32,32,32,32,32,34
GA,Monroe,1,1,1,1,1,1,1,1,1,1,1,1,1,0,1,1,1,1,1,1,1,1,3,3,3,3,3,3,4,4,4,4,4,4,4,4,4,4,4,5,6,7,7,7,8,8,8,8,8,8,8,8,8,8,11,11,11,11,11,11
GA,Muscogee,1,2,3,3,4,4,4,4,4,4,4,4,4,4,4,4,4,4,4,4,4,6,7,7,7,7,7,7,8,12,12,12,12,12,14,15,15,15,15,15,15,16,16,16,17,17,17,17,17,17,17,17,17,17,17,18,18,18,21,21
GA,Newton,3,3,3,3,3,3,3,3,3,3,3,3,3,3,4,5,5,6,6,6,7,7,7,7,7,7,7,8,8,8,8,8,8,8,8,8,8,8,9,10,10,10,10,10,11,10,10,10,10,10,10,10,10,10,10,10,10,10,10,10
GA,Oconee,1,1,1,1,1,0,0,0,0,0,0,0,0,0,0,0,0,0,0,0,0,0,0,0,0,0,0,0,0,0,0,0,0,0,0,0,0,0,2,2,2,3,3,3,3,5,5,5,5,5,5,5,5,6,6,7,8,9,9,9
GA,Oglethorpe,1,1,1,1,1,1,1,1,1,1,2,2,2,2,3,3,3,3,3,3,3,3,3,3,3,3,3,3,3,3,3,4,4,4,4,4,4,4,4,4,4,4,4,4,5,5,5,5,5,5,6,6,6,6,7,7,7,7,7,7
GA,Paulding,1,1,2,2,2,2,4,4,5,5,5,6,7,7,7,7,7,7,7,7,7,7,8,8,8,8,8,9,9,10,10,10,10,10,10,10,10,10,10,10,10,10,10,10,11,11,11,11,11,11,11,11,11,11,11,11,11,11,11,11
GA,Peach,2,2,2,2,2,2,2,2,2,2,2,2,2,2,2,2,2,2,2,2,2,2,2,2,2,2,2,2,2,2,2,2,2,2,2,2,2,2,2,2,2,2,3,3,3,3,3,3,3,3,4,4,4,4,4,4,4,4,4,5
GA,Pickens,2,2,2,2,2,2,2,2,2,2,2,2,2,2,2,2,2,2,2,2,2,2,2,2,2,2,2,2,2,2,2,2,2,2,2,3,3,3,3,3,3,3,3,3,3,3,3,3,3,3,3,3,3,3,3,3,3,3,4,4
GA,Pierce,1,1,1,2,2,2,2,2,2,2,2,2,2,2,2,2,2,2,2,2,2,3,3,3,3,3,3,3,3,3,3,3,3,3,4,4,4,4,4,4,4,4,4,4,3,3,3,3,3,3,3,3,3,3,3,3,3,3,4,4
GA,Randolph,3,3,4,5,5,5,6,6,7,11,12,13,13,15,16,17,18,18,19,19,19,19,19,19,19,19,19,19,20,20,20,20,20,20,20,20,20,20,20,20,20,20,20,20,19,19,19,19,19,19,19,19,19,19,19,19,19,19,19,19
GA,Richmond,3,3,3,3,3,3,6,7,8,9,10,10,10,11,12,13,14,14,14,14,14,14,14,15,15,16,15,15,15,15,15,16,16,16,16,17,17,17,17,17,17,17,17,17,17,18,18,18,19,19,20,22,22,22,22,25,25,25,25,27
GA,Rockdale,2,2,2,2,2,2,4,5,6,6,6,6,6,6,6,6,6,6,6,6,6,6,6,6,6,6,6,6,6,7,7,7,7,7,7,7,7,7,7,7,7,7,8,8,8,8,8,8,8,8,8,8,8,8,8,8,8,8,8,8
GA,Schley,1,1,1,1,1,1,1,1,1,1,1,1,1,1,1,1,1,1,1,1,1,1,1,1,1,1,1,1,1,1,1,1,1,1,1,1,1,1,1,1,1,1,1,1,1,1,1,1,1,1,1,1,1,1,1,1,1,1,1,1
GA,Spalding,4,4,4,4,4,4,4,4,5,5,7,7,7,7,8,8,8,8,8,8,8,8,9,9,10,10,10,11,11,11,11,11,11,11,11,12,12,12,14,14,14,14,14,14,14,14,14,14,17,19,20,21,21,21,22,22,22,22,22,22
GA,Sumter,5,5,9,9,9,9,9,12,13,14,14,14,14,18,20,20,21,21,21,21,24,26,28,28,28,28,28,29,29,29,29,32,32,32,33,35,35,38,38,39,39,39,39,40,40,40,40,40,41,41,41,41,42,43,44,44,44,44,44,45
GA,Talbot,1,1,1,1,1,1,1,1,1,1,1,1,1,1,1,1,1,1,1,1,1,1,1,1,1,1,1,1,1,1,1,1,1,1,1,1,1,1,1,1,1,1,1,1,1,1,1,1,1,1,1,1,1,1,1,2,2,2,2,2
GA,Taylor,1,2,2,2,2,2,2,2,2,2,2,2,2,2,2,2,2,2,2,2,2,2,2,2,2,2,2,2,2,2,2,2,2,2,2,2,2,2,2,2,2,2,2,2,2,2,2,2,2,2,2,2,2,2,2,2,2,2,2,2
GA,Terrell,9,9,10,10,10,10,10,11,11,12,14,14,14,18,18,18,17,17,17,17,18,18,18,19,19,19,19,21,21,21,21,21,21,21,23,24,24,24,24,24,24,24,24,24,25,26,26,26,26,26,26,26,26,26,26,26,26,26,26,26
GA,Thomas,2,2,3,3,3,3,4,5,9,13,13,13,13,13,14,14,16,16,16,16,16,17,19,19,19,19,19,20,20,22,22,26,26,26,26,26,28,28,29,29,29,30,30,30,30,31,31,31,31,31,31,31,31,32,32,32,32,32,32,33
GA,Tift,1,1,1,1,1,1,1,1,2,3,3,3,3,3,3,3,3,3,3,4,5,5,5,5,5,5,5,5,5,6,6,6,6,6,6,6,6,10,11,11,12,14,14,14,14,14,14,14,15,15,15,16,17,17,17,17,18,18,18,19
GA,Toombs,1,1,1,1,1,1,1,1,1,2,2,2,2,3,3,3,3,3,3,3,3,3,3,3,3,3,3,3,3,3,3,3,3,3,4,4,4,4,4,4,4,4,4,4,4,4,4,4,4,4,4,4,4,4,4,4,4,4,4,4
GA,Troup,3,3,3,3,3,3,3,4,4,4,4,4,4,4,4,4,4,4,4,4,4,4,4,4,4,4,4,5,5,5,5,5,5,5,5,5,5,5,6,6,6,6,6,6,8,9,9,9,9,10,10,10,10,11,11,11,11,11,11,11
GA,Unassigned,4,4,4,4,4,4,1,7,8,0,1,2,4,2,0,0,1,1,2,0,2,2,2,0,0,0,0,3,3,0,0,0,1,2,2,0,0,0,0,0,0,0,0,0,0,0,0,0,0,0,0,0,0,0,0,0,0,0,0,2
GA,Union,0,0,1,1,1,1,1,1,1,1,1,1,1,1,1,1,1,1,1,1,1,1,1,1,1,1,1,1,1,1,1,1,1,1,1,1,1,1,1,1,1,1,1,1,1,1,1,1,1,1,1,1,1,1,1,1,1,1,1,1
GA,Upson,0,0,0,0,1,1,3,5,5,6,8,8,8,10,11,12,14,14,14,14,17,17,17,18,18,18,19,21,23,23,24,24,24,24,24,25,25,27,28,29,29,31,31,31,32,33,33,33,33,33,34,34,34,34,34,34,34,34,34,35
GA,Walton,2,2,2,2,2,2,2,2,2,2,2,2,2,2,2,2,2,2,2,2,2,3,3,4,4,4,4,4,5,5,5,6,6,6,7,7,7,7,8,8,8,9,9,9,9,10,10,10,10,12,12,12,12,12,12,12,12,15,15,15
GA,Ware,3,3,4,4,4,4,4,4,5,5,5,5,6,6,7,7,7,8,8,8,8,9,10,11,11,11,11,12,13,12,12,12,12,12,12,12,12,12,12,12,12,13,13,13,13,13,13,13,14,14,14,14,14,14,14,14,14,14,14,14
GA,Whitfield,2,3,3,3,3,3,3,3,3,3,3,3,3,4,4,4,4,4,4,4,4,4,4,4,4,4,5,6,6,6,6,6,6,6,6,6,6,6,6,6,6,7,7,7,7,7,7,7,7,7,7,7,7,7,7,7,7,7,7,7
GA,Wilkinson,0,0,0,1,1,1,1,1,1,1,1,1,1,2,2,2,2,2,2,2,2,2,2,2,2,2,2,2,2,2,2,2,2,2,3,3,3,3,3,3,3,3,3,3,3,3,4,4,4,4,4,4,5,5,6,6,7,7,7,7
GA,Worth,3,3,4,4,4,4,4,4,4,4,4,4,4,8,8,8,8,8,8,8,8,8,10,11,11,11,11,11,12,12,13,13,13,13,13,17,17,17,17,17,17,17,18,20,20,19,19,19,19,20,20,21,21,21,21,21,21,21,21,21
GA,Crisp,0,0,0,0,0,0,1,1,1,1,2,2,2,2,2,2,2,2,2,2,3,3,3,3,3,3,3,4,6,6,6,6,6,6,7,7,7,7,7,7,7,7,7,7,7,7,7,7,7,7,7,7,7,7,7,7,7,7,8,8
GA,Pulaski,0,0,0,0,0,0,1,1,1,1,1,1,1,1,1,1,1,1,1,1,1,1,1,1,1,1,1,1,1,1,1,1,1,1,1,1,1,1,1,1,2,2,2,2,2,2,2,2,2,2,2,2,2,2,2,2,2,2,2,2
GA,Seminole,0,0,0,0,0,0,1,1,1,1,2,2,2,2,2,2,2,2,2,2,2,2,2,2,2,2,2,2,2,2,2,2,2,2,2,2,2,2,2,2,2,2,2,2,2,2,2,2,2,2,2,2,2,2,2,2,2,2,2,2
GA,Haralson,0,0,0,0,0,0,1,1,1,1,1,1,1,1,1,1,1,1,1,1,1,1,1,1,1,1,1,1,2,2,2,2,2,2,2,2,2,2,2,2,2,2,2,2,2,2,2,2,2,2,2,2,2,2,3,3,3,4,4,4
GA,Grady,0,0,0,0,0,0,0,1,1,1,1,1,1,1,2,2,3,3,3,3,3,3,3,4,4,4,3,3,3,4,4,4,4,4,4,4,4,4,4,4,4,4,4,4,4,4,4,4,4,4,4,4,4,4,4,4,4,4,4,4
GA,Lanier,0,0,0,0,0,0,0,1,1,1,1,1,1,1,1,1,1,1,1,1,1,1,1,1,1,1,1,1,1,1,1,2,2,2,2,2,2,2,2,2,2,2,2,2,2,2,2,2,2,2,2,2,2,2,2,2,2,2,2,2
GA,Turner,0,0,0,0,0,0,0,1,1,1,2,2,2,4,4,5,6,6,6,6,8,8,8,8,8,8,9,10,10,10,11,12,12,12,12,12,12,12,12,12,12,12,12,12,12,12,12,12,12,12,12,12,12,12,13,13,13,13,13,13
GA,Hall,0,0,0,0,0,0,0,0,5,5,6,6,6,9,9,9,9,9,9,11,12,16,20,21,22,22,23,23,26,27,27,28,28,28,29,35,37,40,40,40,40,40,40,40,41,41,41,41,41,41,42,46,47,47,47,49,50,50,50,50
GA,Pike,0,0,0,0,0,0,0,0,1,1,1,1,1,2,2,2,2,2,2,2,2,2,2,2,2,2,2,2,2,2,2,2,2,2,2,2,2,2,2,2,2,2,2,2,2,2,2,2,2,2,2,2,2,2,2,3,3,3,3,3
GA,Quitman,0,0,0,0,0,0,0,0,1,1,1,1,1,1,1,1,1,1,1,1,1,1,1,1,1,1,1,1,1,1,1,1,1,1,1,1,1,1,1,1,1,1,1,1,1,1,1,1,1,1,1,1,1,1,1,1,1,1,1,1
GA,Screven,0,0,0,0,0,0,0,0,1,1,1,1,1,1,1,1,1,1,1,1,1,1,1,1,1,1,1,1,1,1,1,1,1,1,1,1,1,1,1,1,1,1,1,1,1,2,2,2,2,2,2,2,2,2,3,3,3,3,3,3
GA,Bacon,0,0,0,0,0,0,0,0,0,1,1,1,1,1,1,1,1,1,1,1,1,1,1,1,1,1,1,1,1,1,1,1,1,1,1,2,2,2,2,2,2,2,2,2,2,2,2,2,2,2,2,3,3,3,3,3,3,3,3,3
GA,Non-Georgia Resident,0,0,0,0,0,0,0,0,0,6,7,7,7,7,8,9,9,9,9,9,13,13,14,14,14,14,14,18,18,18,19,22,22,22,23,23,23,23,25,25,25,25,25,25,26,27,28,28,28,28,29,31,31,31,31,31,31,31,31,31
GA,Cook,0,0,0,0,0,0,0,0,0,1,1,1,1,1,1,1,1,1,1,1,1,1,1,1,1,1,1,1,1,1,1,1,1,1,2,3,2,2,2,2,2,2,2,2,2,2,2,2,2,2,2,2,2,2,2,2,2,2,2,2
GA,Columbia,0,0,0,0,0,0,0,0,0,0,1,1,1,2,2,2,2,2,2,2,2,3,4,4,4,4,4,4,5,5,5,5,5,5,5,6,6,6,6,6,6,6,6,6,6,6,6,6,6,7,7,7,7,7,7,8,8,8,8,8
GA,Stephens,0,0,0,0,0,0,0,0,0,0,1,1,1,1,1,1,1,1,1,1,1,1,1,1,1,1,1,1,1,1,1,1,1,1,1,1,1,1,1,2,2,2,2,2,2,2,2,2,2,2,2,2,2,2,2,2,2,3,3,3
GA,Marion,0,0,0,0,0,0,0,0,0,0,1,1,1,1,1,1,1,1,1,1,1,1,1,1,1,1,1,1,1,1,1,1,1,1,1,1,1,1,1,1,2,2,2,2,2,2,2,2,2,2,2,2,2,2,2,2,2,2,2,2
GA,Washington,0,0,0,0,0,0,0,0,0,0,1,1,1,1,1,1,1,1,1,1,1,1,1,1,1,1,1,1,1,1,1,1,1,1,1,1,1,1,1,1,1,1,1,1,1,1,1,1,1,1,1,1,1,1,1,1,1,1,1,1
GA,Putnam,0,0,0,0,0,0,0,0,0,0,1,1,1,2,2,2,2,3,3,3,5,5,5,5,5,5,5,5,5,5,5,6,6,6,6,6,6,6,7,7,7,7,7,7,7,8,8,8,8,8,9,9,9,9,9,9,9,9,9,9
GA,Wilcox,0,0,0,0,0,0,0,0,0,0,0,2,3,4,6,6,6,6,6,6,7,8,9,9,9,9,9,10,10,12,12,12,12,12,12,12,12,12,12,12,12,12,12,12,13,13,13,13,13,13,13,13,13,13,13,13,13,13,13,13
GA,Decatur,0,0,0,0,0,0,0,0,0,0,0,0,1,1,1,1,1,1,1,1,1,1,1,1,1,1,1,1,2,2,2,2,2,2,3,3,3,3,3,3,3,4,4,4,4,4,4,4,4,4,4,4,4,4,5,5,5,5,6,6
GA,Macon,0,0,0,0,0,0,0,0,0,0,0,0,0,1,1,2,2,3,3,3,3,3,3,3,3,3,3,3,3,3,3,4,4,4,5,5,5,5,5,5,5,6,6,6,6,6,6,6,6,6,6,6,6,6,6,6,6,6,6,6
GA,Butts,0,0,0,0,0,0,0,0,0,0,0,0,0,1,1,1,2,2,2,3,3,3,4,11,16,16,16,16,16,16,16,16,16,16,16,16,16,16,16,16,16,16,17,18,18,19,20,20,21,21,21,22,22,22,24,24,24,24,24,24
GA,Fannin,0,0,0,0,0,0,0,0,0,0,0,0,0,0,0,0,0,0,0,0,0,1,1,1,1,1,1,1,1,1,1,1,1,1,1,1,1,1,1,1,1,1,1,1,1,1,1,1,1,1,1,1,1,1,1,1,1,1,1,1
GA,Jeff Davis,0,0,0,0,0,0,0,0,0,0,0,0,0,1,1,1,1,1,1,1,1,1,1,1,1,1,1,1,1,1,1,1,1,1,1,1,1,1,1,1,1,1,1,1,1,1,1,1,1,1,1,1,1,1,1,1,1,1,1,1
GA,Appling,0,0,0,0,0,0,0,0,0,0,0,0,0,0,1,2,3,4,4,4,5,5,6,6,6,5,5,7,9,10,10,10,10,10,10,10,10,10,10,10,11,11,11,11,12,13,13,13,13,13,13,13,13,13,13,13,13,13,13,13
GA,Irwin,0,0,0,0,0,0,0,0,0,0,0,0,0,0,0,1,1,1,1,1,1,1,1,1,1,1,1,1,1,1,1,1,1,1,1,1,1,1,1,1,1,1,1,1,1,1,1,1,1,1,1,1,1,1,1,1,1,1,1,1
GA,Glynn,0,0,0,0,0,0,0,0,0,0,0,0,0,0,0,0,1,1,1,1,1,1,1,1,1,1,1,1,1,1,1,1,1,1,1,1,1,1,1,1,1,1,1,1,1,1,1,1,1,1,1,1,1,1,1,2,2,2,2,2
GA,Camden,0,0,0,0,0,0,0,0,0,0,0,0,0,0,0,0,1,1,1,1,1,1,1,1,1,1,1,1,1,1,1,1,1,1,1,1,1,1,1,1,1,1,1,1,1,1,1,1,1,1,1,1,1,1,1,1,1,1,1,1
GA,Webster,0,0,0,0,0,0,0,0,0,0,0,0,0,0,0,0,0,0,0,1,2,2,2,2,2,2,2,2,2,2,2,2,2,2,2,2,1,1,1,1,1,1,1,1,1,1,1,1,1,1,1,1,1,1,1,1,1,1,1,1
GA,Lumpkin,0,0,0,0,0,0,0,0,0,0,0,0,0,0,0,0,0,0,0,0,1,1,2,2,2,2,2,1,1,1,1,1,1,1,1,1,1,1,1,1,1,1,1,1,1,1,1,1,1,1,1,1,1,1,1,1,1,1,1,1
GA,Dodge,0,0,0,0,0,0,0,0,0,0,0,0,0,0,0,0,0,0,0,0,1,1,1,1,1,1,1,1,1,1,1,1,1,1,1,1,1,1,2,2,2,2,2,2,2,2,2,2,2,2,2,2,2,2,2,2,2,2,2,2
GA,Meriwether,0,0,0,0,0,0,0,0,0,0,0,0,0,0,0,0,0,0,0,0,0,1,1,1,1,1,1,1,1,1,1,1,1,1,1,1,1,1,1,1,1,1,1,1,2,2,2,2,2,2,2,2,2,2,2,2,2,2,2,2
GA,Lamar,0,0,0,0,0,0,0,0,0,0,0,0,0,0,0,0,0,0,0,0,0,2,1,1,1,1,1,1,1,1,1,1,1,1,1,1,1,1,1,1,1,1,1,1,1,1,1,1,1,1,1,1,1,2,2,2,2,2,2,3
GA,Towns,0,0,0,0,0,0,0,0,0,0,0,0,0,0,0,0,0,0,0,0,0,1,1,1,1,1,1,1,1,1,1,1,1,1,1,1,1,1,1,1,1,1,1,1,1,1,1,1,1,1,1,1,1,1,1,1,1,1,1,1
GA,Rabun,0,0,0,0,0,0,0,0,0,0,0,0,0,0,0,0,0,0,0,0,0,1,1,1,1,1,1,1,1,1,1,1,1,1,1,1,1,1,1,1,1,1,1,1,1,1,1,1,1,1,1,1,1,1,1,1,1,1,1,1
GA,Hancock,0,0,0,0,0,0,0,0,0,0,0,0,0,0,0,0,0,0,0,0,0,1,1,2,2,2,2,2,2,2,3,3,3,3,3,4,4,4,4,4,4,5,6,15,15,17,17,21,22,22,22,22,22,23,24,25,25,25,25,25
GA,Franklin,0,0,0,0,0,0,0,0,0,0,0,0,0,0,0,0,0,0,0,0,0,0,0,1,1,1,1,1,1,1,1,1,1,1,1,1,1,1,1,1,1,1,1,1,1,1,1,1,1,1,1,1,1,1,1,1,1,1,1,1
GA,Atkinson,0,0,0,0,0,0,0,0,0,0,0,0,0,0,0,0,0,0,0,0,0,0,0,1,1,1,1,1,1,1,1,1,1,1,1,1,2,2,2,2,2,2,2,2,2,2,2,2,2,2,2,2,2,2,2,2,2,2,2,2
GA,Murray,0,0,0,0,0,0,0,0,0,0,0,0,0,0,0,0,0,0,0,0,0,0,0,0,1,1,1,1,1,1,1,1,1,1,1,1,1,1,1,1,1,1,1,1,1,1,1,1,1,1,1,1,1,1,1,1,1,1,1,1
GA,White,0,0,0,0,0,0,0,0,0,0,0,0,0,0,0,0,0,0,0,0,0,0,0,0,0,0,0,0,1,1,1,1,1,1,1,1,1,2,2,2,2,3,3,3,3,3,3,3,3,3,3,3,3,3,3,3,3,3,3,3
GA,Glascock,0,0,0,0,0,0,0,0,0,0,0,0,0,0,0,0,0,0,0,0,0,0,0,0,0,0,0,0,0,0,0,0,0,0,0,0,0,0,0,0,0,0,0,0,0,0,0,0,0,0,0,0,0,0,0,0,0,0,0,0
GA,Emanuel,0,0,0,0,0,0,0,0,0,0,0,0,0,0,0,0,0,0,0,0,0,0,0,0,0,0,0,0,0,0,0,1,1,1,1,1,1,1,1,1,1,1,2,2,2,2,2,2,2,2,2,2,2,2,2,2,2,2,2,2
GA,Charlton,0,0,0,0,0,0,0,0,0,0,0,0,0,0,0,0,0,0,0,0,0,0,0,0,0,0,0,0,0,0,0,0,0,0,1,1,1,1,1,1,1,1,1,1,1,1,1,1,1,1,1,1,1,1,1,1,1,1,1,1
GA,Gilmer,0,0,0,0,0,0,0,0,0,0,0,0,0,0,0,0,0,0,0,0,0,0,0,0,0,0,0,0,0,0,0,0,0,0,0,0,0,0,0,0,0,0,0,0,0,0,0,0,0,0,0,0,0,0,0,0,1,1,1,1
GA,Telfair,0,0,0,0,0,0,0,0,0,0,0,0,0,0,0,0,0,0,0,0,0,0,0,0,0,0,0,0,0,0,0,0,0,0,0,0,1,1,1,1,1,1,1,1,1,1,1,1,1,1,1,1,1,1,1,1,1,1,1,1
GA,Wilkes,0,0,0,0,0,0,0,0,0,0,0,0,0,0,0,0,0,0,0,0,0,0,0,0,0,0,0,0,0,0,0,0,0,0,0,0,1,1,1,1,1,1,1,1,1,1,1,1,1,1,1,1,1,1,1,1,1,1,1,1
GA,Ben Hill,0,0,0,0,0,0,0,0,0,0,0,0,0,0,0,0,0,0,0,0,0,0,0,0,0,0,0,0,0,0,0,0,0,0,0,0,0,1,1,1,1,1,1,1,1,1,1,1,1,1,1,1,1,1,1,1,1,1,1,1
GA,Clinch,0,0,0,0,0,0,0,0,0,0,0,0,0,0,0,0,0,0,0,0,0,0,0,0,0,0,0,0,0,0,0,0,0,0,0,0,0,0,1,1,1,1,1,1,1,1,1,1,1,2,2,2,2,2,2,2,2,2,2,2
GA,Lincoln,0,0,0,0,0,0,0,0,0,0,0,0,0,0,0,0,0,0,0,0,0,0,0,0,0,0,0,0,0,0,0,0,0,0,0,0,0,0,0,0,0,0,0,0,0,0,0,0,0,0,0,0,0,0,0,0,0,0,0,0
GA,Jasper,0,0,0,0,0,0,0,0,0,0,0,0,0,0,0,0,0,0,0,0,0,0,0,0,0,0,0,0,0,0,0,0,0,0,0,0,0,0,0,0,0,0,0,0,1,1,1,1,1,1,1,1,1,1,1,1,1,1,1,1
GA,Long,0,0,0,0,0,0,0,0,0,0,0,0,0,0,0,0,0,0,0,0,0,0,0,0,0,0,0,0,0,0,0,0,0,0,0,0,0,0,0,0,0,0,0,0,1,1,1,1,1,1,1,1,1,1,1,1,1,1,1,1
GA,Polk,0,0,0,0,0,0,0,0,0,0,0,0,0,0,0,0,0,0,0,0,0,0,0,0,0,0,0,0,0,0,0,0,0,0,0,0,0,0,0,0,0,0,0,0,0,0,0,0,0,1,1,1,1,1,1,1,1,1,1,1
GA,Stewart,0,0,0,0,0,0,0,0,0,0,0,0,0,0,0,0,0,0,0,0,0,0,0,0,0,0,0,0,0,0,0,0,0,0,0,0,0,0,0,0,0,0,0,0,0,0,0,0,0,0,0,1,1,1,1,1,1,1,1,1
GA,Banks,0,0,0,0,0,0,0,0,0,0,0,0,0,0,0,0,0,0,0,0,0,0,0,0,0,0,0,0,0,0,0,0,0,0,0,0,0,0,0,0,0,0,0,0,0,0,0,0,0,0,0,0,1,1,1,1,1,1,1,1
GA,Mcintosh,0,0,0,0,0,0,0,0,0,0,0,0,0,0,0,0,0,0,0,0,0,0,0,0,0,0,0,0,0,0,0,0,0,0,0,0,0,0,0,0,0,0,0,0,0,0,0,0,0,0,0,0,0,1,1,1,1,1,1,1
GA,Twiggs,0,0,0,0,0,0,0,0,0,0,0,0,0,0,0,0,0,0,0,0,0,0,0,0,0,0,0,0,0,0,0,0,0,0,0,0,0,0,0,0,0,0,0,0,0,0,0,0,0,0,0,0,0,0,1,1,1,1,1,1
GA,Liberty,0,0,0,0,0,0,0,0,0,0,0,0,0,0,0,0,0,0,0,0,0,0,0,0,0,0,0,0,0,0,0,0,0,0,0,0,0,0,0,0,0,0,0,0,0,0,0,0,0,0,0,0,0,0,0,0,1,1,1,1
GA,Berrien,0,0,0,0,0,0,0,0,0,0,0,0,0,0,0,0,0,0,0,0,0,0,0,0,0,0,0,0,0,0,0,0,0,0,0,0,0,0,0,0,0,0,0,0,0,0,0,0,0,0,0,0,0,0,0,0,0,0,0,1
