[{"state_name:": "TX", "county:": "Maverick", "entries:": "", "3/20": "0", "3/21": "0", "3/22": "0", "3/23": "0", "3/24": "0", "3/25": "0", "3/26": "0", "3/27": "0", "3/28": "0", "3/29": "0", "3/30": "0", "3/31": "0", "4/1": "0", "4/2": "0", "4/3": "0", "4/4": "0", "4/5": "0", "4/6": "0", "4/7": "0", "4/8": "0", "4/9": "0", "4/10": "0", "4/11": "0", "4/12": "0", "4/13": "0", "4/14": "0", "4/15": "0", "4/16": "0", "4/17": "0", "4/18": "0", "4/19": "0", "4/20": "0", "4/21": "0", "4/22": "0", "4/23": "0", "4/24": "0", "4/25": "0", "4/26": "0", "4/27": "0", "4/28": "0", "4/29": "0", "4/30": "0", "5/1": "0", "5/2": "0", "5/3": "0", "5/4": "0", "5/5": "0", "5/6": "0", "5/7": "0", "5/8": "0", "5/9": "0", "5/10": "0", "5/11": "0", "5/12": "0", "5/13": "0", "5/14": "0", "5/15": "0", "5/16": "0", "5/17": "0", "5/18": "0", "5/19": "1"}]